{
    "version": "1.0.0",
    "summary": "helpful summary of your project, less than 80 characters",
    "repository": "https://github.com/USER/PROJECT.git",
    "license": "BSD3",
    "source-directories": [
        "./src/client/elm"
    ],
    "native-modules": true,
    "exposed-modules": [],
    "dependencies": {
        "TheSeamau5/elm-history": "1.0.0 <= v < 2.0.0",
        "elm-lang/core": "2.0.1 <= v < 3.0.0",
        "evancz/elm-html": "3.0.0 <= v < 4.0.0"
    },
    "elm-version": "0.15.0 <= v < 0.16.0"
}
